<?xml version="1.0" encoding="UTF-8"?>
<project-private xmlns="http://www.netbeans.org/ns/project-private/1">
    <editor-bookmarks xmlns="http://www.netbeans.org/ns/editor-bookmarks/2" lastBookmarkId="1">
        <file>
            <url>inc/footer.php</url>
            <bookmark id="1">
                <name/>
                <line>0</line>
                <key/>
            </bookmark>
        </file>
    </editor-bookmarks>
    <open-files xmlns="http://www.netbeans.org/ns/projectui-open-files/2">
        <group>
            <file>file:/C:/xampp/htdocs/Javatportal.org/assets/js/contact-form.js</file>
            <file>file:/C:/xampp/htdocs/Javatportal.org/inc/header.php</file>
            <file>file:/C:/xampp/htdocs/Javatportal.org/inc/contact-sidebar.php</file>
            <file>file:/C:/xampp/htdocs/Javatportal.org/apply-trainer.php</file>
            <file>file:/C:/xampp/htdocs/Javatportal.org/inc/config.php</file>
            <file>file:/C:/xampp/htdocs/Javatportal.org/thank-you.php</file>
        </group>
    </open-files>
</project-private>
